Page title is, "Subcatchment Minderhoutplus bET=3 (Minderhout+) daily, Rainfall Profile 1"
Date,Time,Soil moisture deficit (Soil moisture deficit [pdm_smd]),Actual evaporation (Actual evaporation (mm/day) [pdm_evaporation]),Rainfall (Rainfall intensity (mm/hr))
01/10/2020,00:00:00,0.900000,0.000000,0.465833
02/10/2020,00:00:00,0.883428,0.074528,0.035000
03/10/2020,00:00:00,0.882268,0.040722,0.207500
04/10/2020,00:00:00,0.875170,0.332986,0.043333
05/10/2020,00:00:00,0.874023,0.186099,0.485000
06/10/2020,00:00:00,0.857291,0.392128,0.149915
07/10/2020,00:00:00,0.852447,0.193975,0.304252
08/10/2020,00:00:00,0.842018,0.128965,0.176250
09/10/2020,00:00:00,0.836167,0.294915,0.061667
10/10/2020,00:00:00,0.834482,0.330932,0.253750
11/10/2020,00:00:00,0.826190,0.418611,0.019583
12/10/2020,00:00:00,0.826111,0.383869,0.005417
13/10/2020,00:00:00,0.826468,0.339676,0.000000
14/10/2020,00:00:00,0.826903,0.234679,0.000000
15/10/2020,00:00:00,0.827369,0.381599,0.000000
16/10/2020,00:00:00,0.827834,0.233647,0.000000
17/10/2020,00:00:00,0.828301,0.384229,0.000000
18/10/2020,00:00:00,0.828725,0.176646,0.003333
19/10/2020,00:00:00,0.829009,0.352813,0.000000
20/10/2020,00:00:00,0.829353,0.103092,0.001250
21/10/2020,00:00:00,0.829831,0.587132,0.324583
22/10/2020,00:00:00,0.819095,0.135137,0.000000
23/10/2020,00:00:00,0.819385,0.247430,0.004167
24/10/2020,00:00:00,0.819531,0.139369,0.012500
25/10/2020,00:00:00,0.819255,0.072021,0.055000
26/10/2020,00:00:00,0.817672,0.362652,0.000000
27/10/2020,00:00:00,0.818104,0.208126,0.097916
28/10/2020,00:00:00,0.815066,0.270531,0.215833
29/10/2020,00:00:00,0.807887,0.108723,0.259167
30/10/2020,00:00:00,0.799185,0.200721,0.019167
31/10/2020,00:00:00,0.799002,0.436024,0.054167
01/11/2020,00:00:00,0.797516,0.064058,0.085173
02/11/2020,00:00:00,0.794860,0.303629,0.229410
03/11/2020,00:00:00,0.787534,0.414368,0.000000
04/11/2020,00:00:00,0.788133,0.377733,0.000000
05/11/2020,00:00:00,0.788615,0.259871,0.000000
06/11/2020,00:00:00,0.789119,0.406888,0.000000
07/11/2020,00:00:00,0.789707,0.370483,0.000000
08/11/2020,00:00:00,0.790190,0.268501,0.000000
09/11/2020,00:00:00,0.790604,0.278207,0.000000
10/11/2020,00:00:00,0.790997,0.242444,0.021250
11/11/2020,00:00:00,0.790534,0.111311,0.000000
12/11/2020,00:00:00,0.790791,0.227466,0.105416
13/11/2020,00:00:00,0.787419,0.087002,0.106667
14/11/2020,00:00:00,0.784042,0.274558,0.020833
15/11/2020,00:00:00,0.783707,0.228206,0.295000
16/11/2020,00:00:00,0.773924,0.128749,0.005833
17/11/2020,00:00:00,0.773927,0.139476,0.005833
18/11/2020,00:00:00,0.774193,0.477013,0.000000
19/11/2020,00:00:00,0.774626,0.096334,0.034583
20/11/2020,00:00:00,0.773664,0.193291,0.043333
21/11/2020,00:00:00,0.772489,0.204830,0.000000
22/11/2020,00:00:00,0.772648,0.005387,0.118750
23/11/2020,00:00:00,0.768694,0.098242,0.000000
24/11/2020,00:00:00,0.768937,0.223596,0.000000
25/11/2020,00:00:00,0.769226,0.158005,0.000000
26/11/2020,00:00:00,0.769415,0.092566,0.000000
27/11/2020,00:00:00,0.769534,0.065315,0.013333
28/11/2020,00:00:00,0.769238,0.141654,0.000000
29/11/2020,00:00:00,0.769378,0.043566,0.000000
30/11/2020,00:00:00,0.769410,0.000000,0.200000
01/12/2020,00:00:00,0.762706,0.094574,0.123333
02/12/2020,00:00:00,0.758608,0.000000,0.001667
03/12/2020,00:00:00,0.758552,0.000000,0.173642
04/12/2020,00:00:00,0.752834,0.189192,0.018441
05/12/2020,00:00:00,0.752430,0.103322,0.000000
06/12/2020,00:00:00,0.752508,0.000000,0.000000
07/12/2020,00:00:00,0.752521,0.017216,0.088333
08/12/2020,00:00:00,0.749611,0.063666,0.000000
09/12/2020,00:00:00,0.749659,0.000000,0.000000
10/12/2020,00:00:00,0.749694,0.046291,0.000000
11/12/2020,00:00:00,0.749729,0.000000,0.186667
12/12/2020,00:00:00,0.743474,0.011781,0.096666
13/12/2020,00:00:00,0.740311,0.089140,0.001250
14/12/2020,00:00:00,0.740417,0.106936,0.179167
15/12/2020,00:00:00,0.734513,0.006037,0.057916
16/12/2020,00:00:00,0.732622,0.048542,0.000000
17/12/2020,00:00:00,0.732774,0.151633,0.077083
18/12/2020,00:00:00,0.730460,0.189177,0.000000
19/12/2020,00:00:00,0.730668,0.085388,0.002500
20/12/2020,00:00:00,0.730736,0.115863,0.008750
21/12/2020,00:00:00,0.730532,0.000000,0.417493
22/12/2020,00:00:00,0.716751,0.107401,0.195007
23/12/2020,00:00:00,0.710393,0.006415,0.460401
24/12/2020,00:00:00,0.695281,0.006638,0.132932
25/12/2020,00:00:00,0.691058,0.160795,0.003750
26/12/2020,00:00:00,0.691136,0.107179,0.024583
27/12/2020,00:00:00,0.690412,0.000000,0.554583
28/12/2020,00:00:00,0.672412,0.020879,0.005417
29/12/2020,00:00:00,0.672268,0.020885,0.056249
30/12/2020,00:00:00,0.670470,0.006986,0.021250
31/12/2020,00:00:00,0.669815,0.034974,0.024167
01/01/2021,00:00:00,0.669155,0.126067,0.015988
02/01/2021,00:00:00,0.668770,0.049062,0.009846
03/01/2021,00:00:00,0.668488,0.000000,0.001250
04/01/2021,00:00:00,0.668448,0.000000,0.050000
05/01/2021,00:00:00,0.666835,0.000000,0.012500
06/01/2021,00:00:00,0.666463,0.042238,0.000000
07/01/2021,00:00:00,0.666527,0.042233,0.153137
08/01/2021,00:00:00,0.661642,0.021310,0.076446
09/01/2021,00:00:00,0.659201,0.000000,0.002500
10/01/2021,00:00:00,0.659189,0.092763,0.004583
11/01/2021,00:00:00,0.659127,0.021409,0.169532
12/01/2021,00:00:00,0.653801,0.129678,0.689217
13/01/2021,00:00:00,0.632091,0.171915,0.006250
14/01/2021,00:00:00,0.632020,0.000000,0.118750
15/01/2021,00:00:00,0.628268,0.000000,0.000000
16/01/2021,00:00:00,0.628359,0.120304,0.074167
17/01/2021,00:00:00,0.626192,0.120714,0.198750
18/01/2021,00:00:00,0.620113,0.129462,0.005000
19/01/2021,00:00:00,0.620052,0.000000,0.510417
20/01/2021,00:00:00,0.604623,0.740021,0.000000
21/01/2021,00:00:00,0.605571,0.513433,0.391732
22/01/2021,00:00:00,0.593876,0.142291,0.019518
23/01/2021,00:00:00,0.593419,0.055372,0.309919
24/01/2021,00:00:00,0.584000,0.144148,0.150455
25/01/2021,00:00:00,0.579644,0.233509,0.022959
26/01/2021,00:00:00,0.579318,0.281952,0.000000
27/01/2021,00:00:00,0.579531,0.000000,0.032917
28/01/2021,00:00:00,0.578521,0.000000,0.756457
29/01/2021,00:00:00,0.555698,0.298221,0.496882
30/01/2021,00:00:00,0.540959,0.000000,0.036661
31/01/2021,00:00:00,0.540074,0.286440,0.035000
01/02/2021,00:00:00,0.539276,0.050590,0.054583
02/02/2021,00:00:00,0.537681,0.000000,0.456142
03/02/2021,00:00:00,0.524167,0.077038,0.681775
04/02/2021,00:00:00,0.504447,0.409669,0.023750
05/02/2021,00:00:00,0.504364,0.418416,0.008333
06/02/2021,00:00:00,0.504515,0.113306,0.439191
07/02/2021,00:00:00,0.491861,0.052858,0.400809
08/02/2021,00:00:00,0.480414,0.097803,0.039166
09/02/2021,00:00:00,0.479471,0.160159,0.000000
10/02/2021,00:00:00,0.479591,0.000000,0.000000
11/02/2021,00:00:00,0.479672,0.106756,0.000000
12/02/2021,00:00:00,0.479982,0.302403,0.000000
13/02/2021,00:00:00,0.480500,0.382297,0.000000
14/02/2021,00:00:00,0.481482,0.915033,0.000000
15/02/2021,00:00:00,0.482354,0.239699,0.135773
16/02/2021,00:00:00,0.479104,0.801024,0.215987
17/02/2021,00:00:00,0.473775,0.625557,0.041990
18/02/2021,00:00:00,0.473269,0.393358,0.214166
19/02/2021,00:00:00,0.467944,0.709052,0.000000
20/02/2021,00:00:00,0.469369,1.174541,0.000000
21/02/2021,00:00:00,0.471239,1.298265,0.000000
22/02/2021,00:00:00,0.473060,1.108731,0.000000
23/02/2021,00:00:00,0.474938,1.375022,0.000000
24/02/2021,00:00:00,0.477212,1.631126,0.000000
25/02/2021,00:00:00,0.479118,0.890018,0.067500
26/02/2021,00:00:00,0.478661,1.121819,0.002917
27/02/2021,00:00:00,0.479685,0.364747,0.000000
28/02/2021,00:00:00,0.480654,0.915625,0.005417
01/03/2021,00:00:00,0.481699,0.701702,0.000000
02/03/2021,00:00:00,0.483284,1.392785,0.004167
03/03/2021,00:00:00,0.485105,1.213605,0.000000
04/03/2021,00:00:00,0.486022,0.000000,0.022917
05/03/2021,00:00:00,0.486175,1.115208,0.000000
06/03/2021,00:00:00,0.487827,1.069532,0.000000
07/03/2021,00:00:00,0.489411,1.024021,0.003750
08/03/2021,00:00:00,0.490967,1.207867,0.000000
09/03/2021,00:00:00,0.492092,0.281868,0.166666
10/03/2021,00:00:00,0.488037,0.804222,0.068334
11/03/2021,00:00:00,0.487675,1.432112,0.099999
12/03/2021,00:00:00,0.486182,0.522198,0.157500
13/03/2021,00:00:00,0.482631,0.825450,0.584167
14/03/2021,00:00:00,0.466792,0.529991,0.117538
15/03/2021,00:00:00,0.464286,0.665921,0.222046
16/03/2021,00:00:00,0.458548,0.153609,0.277917
17/03/2021,00:00:00,0.451100,0.445020,0.007083
18/03/2021,00:00:00,0.451492,0.363186,0.035000
19/03/2021,00:00:00,0.451872,1.506840,0.000000
20/03/2021,00:00:00,0.454287,1.685621,0.008253
21/03/2021,00:00:00,0.455814,0.669919,0.002580
22/03/2021,00:00:00,0.456675,0.579046,0.000000
23/03/2021,00:00:00,0.458310,1.581535,0.000000
24/03/2021,00:00:00,0.461042,2.029507,0.000000
25/03/2021,00:00:00,0.463134,0.738543,0.000000
26/03/2021,00:00:00,0.464707,1.340474,0.112077
27/03/2021,00:00:00,0.463493,1.359642,0.102090
28/03/2021,00:00:00,0.462778,1.630614,0.000000
29/03/2021,00:00:00,0.466175,2.857848,0.000000
30/03/2021,00:00:00,0.470491,2.848818,0.000000
31/03/2021,00:00:00,0.474874,2.946625,0.000000
01/04/2021,00:00:00,0.478845,2.305636,0.000000
02/04/2021,00:00:00,0.481642,1.394585,0.000000
03/04/2021,00:00:00,0.483656,1.268215,0.000000
04/04/2021,00:00:00,0.485291,0.894569,0.000000
05/04/2021,00:00:00,0.486616,0.858229,0.227506
06/04/2021,00:00:00,0.480984,0.462132,0.424556
07/04/2021,00:00:00,0.469440,0.502067,0.304187
08/04/2021,00:00:00,0.462366,1.694174,0.000000
09/04/2021,00:00:00,0.465035,1.834846,0.000000
10/04/2021,00:00:00,0.466482,0.080864,0.499167
11/04/2021,00:00:00,0.452962,0.852641,0.021250
12/04/2021,00:00:00,0.454111,1.513615,0.180833
13/04/2021,00:00:00,0.451361,1.716210,0.000000
14/04/2021,00:00:00,0.453687,1.359927,0.004583
15/04/2021,00:00:00,0.455423,1.131927,0.000000
16/04/2021,00:00:00,0.457901,2.142462,0.000000
17/04/2021,00:00:00,0.461275,2.317768,0.000000
18/04/2021,00:00:00,0.465130,2.779066,0.000000
19/04/2021,00:00:00,0.468023,1.050055,0.020000
20/04/2021,00:00:00,0.469917,2.240587,0.000000
21/04/2021,00:00:00,0.473559,2.574155,0.000000
22/04/2021,00:00:00,0.477467,2.593255,0.000000
23/04/2021,00:00:00,0.481504,2.745058,0.000000
24/04/2021,00:00:00,0.485522,2.568095,0.000000
25/04/2021,00:00:00,0.489233,2.339699,0.000000
26/04/2021,00:00:00,0.493160,2.851406,0.000000
27/04/2021,00:00:00,0.497665,3.103685,0.000000
28/04/2021,00:00:00,0.502502,3.291656,0.000000
29/04/2021,00:00:00,0.505388,0.531259,0.072916
30/04/2021,00:00:00,0.504669,1.403062,0.000000
01/05/2021,00:00:00,0.507138,1.860884,0.000000
02/05/2021,00:00:00,0.510186,2.168017,0.000000
03/05/2021,00:00:00,0.513873,2.705283,0.001190
04/05/2021,00:00:00,0.516570,0.922507,0.139677
05/05/2021,00:00:00,0.514515,2.021274,0.279134
06/05/2021,00:00:00,0.508992,1.684184,0.043750
07/05/2021,00:00:00,0.510742,2.496304,0.006667
08/05/2021,00:00:00,0.513184,1.055118,0.030833
09/05/2021,00:00:00,0.515082,2.728178,0.051250
10/05/2021,00:00:00,0.517237,2.214375,0.173334
11/05/2021,00:00:00,0.514822,1.476675,0.000000
12/05/2021,00:00:00,0.517523,2.093189,0.144166
13/05/2021,00:00:00,0.516423,2.216052,0.008749
14/05/2021,00:00:00,0.519219,1.857660,0.164583
15/05/2021,00:00:00,0.516250,0.724427,0.116667
16/05/2021,00:00:00,0.514447,1.649955,0.409583
17/05/2021,00:00:00,0.504182,0.810809,0.282643
18/05/2021,00:00:00,0.498475,2.803444,0.005691
19/05/2021,00:00:00,0.501681,1.703787,0.153333
20/05/2021,00:00:00,0.500098,2.266068,0.000000
21/05/2021,00:00:00,0.503573,2.329052,0.057917
22/05/2021,00:00:00,0.503797,0.340131,0.565355
23/05/2021,00:00:00,0.489198,2.454545,0.005479
24/05/2021,00:00:00,0.491695,1.101410,0.183331
25/05/2021,00:00:00,0.487611,0.716092,0.155417
26/05/2021,00:00:00,0.484882,1.736562,0.002918
27/05/2021,00:00:00,0.486778,0.911198,0.000000
28/05/2021,00:00:00,0.489646,2.877306,0.000000
29/05/2021,00:00:00,0.494556,3.612867,0.000000
30/05/2021,00:00:00,0.500406,4.119841,0.000000
31/05/2021,00:00:00,0.506706,4.210356,0.000000
01/06/2021,00:00:00,0.513463,4.720909,0.000000
02/06/2021,00:00:00,0.520749,4.912283,0.000000
03/06/2021,00:00:00,0.526402,2.570957,0.002916
04/06/2021,00:00:00,0.530370,2.816197,0.125053
05/06/2021,00:00:00,0.529265,0.783599,0.000365
06/06/2021,00:00:00,0.532264,3.193037,0.000000
07/06/2021,00:00:00,0.537881,4.230387,0.000000
08/06/2021,00:00:00,0.544380,4.361138,0.000000
09/06/2021,00:00:00,0.550789,4.114598,0.000000
10/06/2021,00:00:00,0.557198,4.358365,0.000000
11/06/2021,00:00:00,0.563504,3.982204,0.000000
12/06/2021,00:00:00,0.568450,2.563237,0.000000
13/06/2021,00:00:00,0.573493,4.097514,0.000000
14/06/2021,00:00:00,0.580173,4.731765,0.000000
15/06/2021,00:00:00,0.586416,3.528698,0.000000
16/06/2021,00:00:00,0.592508,4.522312,0.000000
17/06/2021,00:00:00,0.598622,3.566132,0.000000
18/06/2021,00:00:00,0.604043,3.601802,0.577917
19/06/2021,00:00:00,0.589982,1.629019,0.521181
20/06/2021,00:00:00,0.577212,2.875340,0.000484
21/06/2021,00:00:00,0.579931,0.748612,0.630001
22/06/2021,00:00:00,0.561550,0.444378,0.098750
23/06/2021,00:00:00,0.559620,1.072166,0.000000
24/06/2021,00:00:00,0.561583,1.522353,0.000000
25/06/2021,00:00:00,0.564000,1.674017,0.060834
26/06/2021,00:00:00,0.565312,2.638286,0.003750
27/06/2021,00:00:00,0.568669,1.983134,0.320832
28/06/2021,00:00:00,0.561496,1.506045,0.015001
29/06/2021,00:00:00,0.564373,2.944672,0.151232
30/06/2021,00:00:00,0.562136,0.230237,0.607935
01/07/2021,00:00:00,0.544448,0.763139,0.000000
02/07/2021,00:00:00,0.547186,2.851341,0.000000
03/07/2021,00:00:00,0.549975,0.841986,0.074166
04/07/2021,00:00:00,0.549444,1.518118,0.346129
05/07/2021,00:00:00,0.541341,1.615406,0.074287
06/07/2021,00:00:00,0.541569,1.850556,0.009167
07/07/2021,00:00:00,0.544363,2.272854,0.000000
08/07/2021,00:00:00,0.548421,3.089717,0.000000
09/07/2021,00:00:00,0.553076,3.065735,0.000000
10/07/2021,00:00:00,0.556731,1.770731,1.473335
11/07/2021,00:00:00,0.516246,3.070215,0.000000
12/07/2021,00:00:00,0.520099,2.027982,0.000000
13/07/2021,00:00:00,0.521955,0.428901,0.108749
14/07/2021,00:00:00,0.519231,0.232204,0.078648
15/07/2021,00:00:00,0.517093,0.008617,0.547186
16/07/2021,00:00:00,0.502017,1.467452,0.000000
17/07/2021,00:00:00,0.506180,4.029549,0.000000
18/07/2021,00:00:00,0.512599,4.456381,0.000000
19/07/2021,00:00:00,0.518674,3.579555,0.000000
20/07/2021,00:00:00,0.524314,3.877085,0.000000
21/07/2021,00:00:00,0.530291,4.024680,0.000000
22/07/2021,00:00:00,0.536097,3.654422,0.000000
23/07/2021,00:00:00,0.541717,3.776245,0.000000
24/07/2021,00:00:00,0.544915,0.461009,0.141251
25/07/2021,00:00:00,0.542955,2.713009,0.000000
26/07/2021,00:00:00,0.545986,1.297728,0.094165
27/07/2021,00:00:00,0.545198,1.508305,0.183751
28/07/2021,00:00:00,0.542403,2.151496,0.018333
29/07/2021,00:00:00,0.545715,3.040082,0.000000
30/07/2021,00:00:00,0.550144,2.817225,0.075000
31/07/2021,00:00:00,0.551826,2.537498,0.012917
01/08/2021,00:00:00,0.553854,0.730492,0.298748
02/08/2021,00:00:00,0.546527,1.614946,0.007917
03/08/2021,00:00:00,0.548994,1.986205,0.007917
04/08/2021,00:00:00,0.552100,2.495147,0.039165
05/08/2021,00:00:00,0.554972,2.918350,0.013334
06/08/2021,00:00:00,0.558152,1.900075,0.015336
07/08/2021,00:00:00,0.560454,1.853906,0.222519
08/08/2021,00:00:00,0.556214,1.755198,0.185062
09/08/2021,00:00:00,0.553105,1.628356,0.047500
10/08/2021,00:00:00,0.553759,1.170571,0.196248
11/08/2021,00:00:00,0.550928,3.014687,0.000000
12/08/2021,00:00:00,0.555125,2.536541,0.000000
13/08/2021,00:00:00,0.558866,2.410322,0.000000
14/08/2021,00:00:00,0.563095,3.179055,0.000000
15/08/2021,00:00:00,0.567847,3.104231,0.000000
16/08/2021,00:00:00,0.570540,0.464140,0.202085
17/08/2021,00:00:00,0.564867,0.204942,0.312082
18/08/2021,00:00:00,0.556065,0.778377,0.058549
19/08/2021,00:00:00,0.555717,1.151450,0.000201
20/08/2021,00:00:00,0.557518,1.240066,0.047917
21/08/2021,00:00:00,0.558791,2.435292,0.682083
22/08/2021,00:00:00,0.540898,1.170033,0.521893
23/08/2021,00:00:00,0.526838,0.973291,0.048940
24/08/2021,00:00:00,0.528083,2.686121,0.000000
25/08/2021,00:00:00,0.532517,3.175248,0.004441
26/08/2021,00:00:00,0.535533,1.024157,0.025975
27/08/2021,00:00:00,0.536880,1.868009,0.063335
28/08/2021,00:00:00,0.537630,1.706097,0.004999
29/08/2021,00:00:00,0.538974,0.303636,0.032082
30/08/2021,00:00:00,0.539063,1.155397,0.000000
31/08/2021,00:00:00,0.541262,1.750179,0.000000
01/09/2021,00:00:00,0.543251,0.881660,0.000000
02/09/2021,00:00:00,0.545605,2.227976,0.000000
03/09/2021,00:00:00,0.549417,2.811111,0.000000
04/09/2021,00:00:00,0.552647,1.462936,0.000000
05/09/2021,00:00:00,0.555823,2.733352,0.000000
06/09/2021,00:00:00,0.559617,2.284551,0.000000
07/09/2021,00:00:00,0.563464,2.799984,0.000000
08/09/2021,00:00:00,0.567781,2.908399,0.000000
09/09/2021,00:00:00,0.571430,1.919654,0.185835
10/09/2021,00:00:00,0.567806,0.825108,0.590416
11/09/2021,00:00:00,0.550982,0.666187,0.727082
12/09/2021,00:00:00,0.530689,1.369375,0.000000
13/09/2021,00:00:00,0.533170,1.908987,0.000000
14/09/2021,00:00:00,0.535432,1.083521,0.142085
15/09/2021,00:00:00,0.532590,0.797995,0.007083
16/09/2021,00:00:00,0.534419,1.923533,0.001666
17/09/2021,00:00:00,0.537372,2.061378,0.000000
18/09/2021,00:00:00,0.540300,1.810893,0.000000
19/09/2021,00:00:00,0.542965,1.713458,0.000000
20/09/2021,00:00:00,0.545452,1.574915,0.000000
21/09/2021,00:00:00,0.547964,1.746129,0.000000
22/09/2021,00:00:00,0.550576,1.707864,0.000000
23/09/2021,00:00:00,0.552910,1.379413,0.000000
24/09/2021,00:00:00,0.554800,1.119464,0.000000
25/09/2021,00:00:00,0.556849,1.588483,0.000000
26/09/2021,00:00:00,0.558867,1.081339,0.052499
27/09/2021,00:00:00,0.558321,0.363422,0.188333
28/09/2021,00:00:00,0.554029,1.543696,0.000000
29/09/2021,00:00:00,0.555640,0.588203,0.442917
30/09/2021,00:00:00,0.543265,0.797680,0.000000
01/10/2021,00:00:00,0.544547,0.897223,0.130417
02/10/2021,00:00:00,0.541654,0.538295,0.170000
03/10/2021,00:00:00,0.536998,0.042257,1.112916
04/10/2021,00:00:00,0.505153,1.393756,0.000000
05/10/2021,00:00:00,0.506574,0.487203,0.308750
06/10/2021,00:00:00,0.498029,0.157765,0.457580
07/10/2021,00:00:00,0.485399,0.735065,0.022004
08/10/2021,00:00:00,0.486279,1.292119,0.000000
09/10/2021,00:00:00,0.488332,1.422516,0.001249
10/10/2021,00:00:00,0.490076,0.944058,0.034489
11/10/2021,00:00:00,0.490235,0.626349,0.000000
12/10/2021,00:00:00,0.490849,0.185165,0.538270
13/10/2021,00:00:00,0.475755,0.365850,0.000000
14/10/2021,00:00:00,0.476390,0.472699,0.000000
15/10/2021,00:00:00,0.477125,0.499175,0.144583
16/10/2021,00:00:00,0.474256,1.214932,0.000000
17/10/2021,00:00:00,0.475666,0.651435,0.006249
18/10/2021,00:00:00,0.476548,0.766929,0.001190
19/10/2021,00:00:00,0.477140,0.062396,0.088811
20/10/2021,00:00:00,0.474883,0.348234,0.689541
21/10/2021,00:00:00,0.455771,0.307806,0.432958
22/10/2021,00:00:00,0.444211,0.574779,0.154999
23/10/2021,00:00:00,0.440693,0.576081,0.001669
24/10/2021,00:00:00,0.441792,0.950323,0.000000
25/10/2021,00:00:00,0.442855,0.456574,0.008749
26/10/2021,00:00:00,0.443373,0.575091,0.000000
27/10/2021,00:00:00,0.444354,0.720688,0.000000
28/10/2021,00:00:00,0.445609,0.938863,0.000000
29/10/2021,00:00:00,0.447021,0.928887,0.039582
30/10/2021,00:00:00,0.446714,0.145737,0.542084
31/10/2021,00:00:00,0.432026,0.422908,0.607083
01/11/2021,00:00:00,0.416176,0.723776,0.161250
02/11/2021,00:00:00,0.412415,0.130180,0.011248
03/11/2021,00:00:00,0.412338,0.185979,0.000000
04/11/2021,00:00:00,0.412541,0.083681,0.005834
05/11/2021,00:00:00,0.412695,0.343993,0.002501
06/11/2021,00:00:00,0.413064,0.241676,0.007930
07/11/2021,00:00:00,0.413327,0.399635,0.047488
08/11/2021,00:00:00,0.412794,0.669356,0.000000
09/11/2021,00:00:00,0.413778,0.631827,0.000000
10/11/2021,00:00:00,0.414571,0.417937,0.000000
11/11/2021,00:00:00,0.415035,0.194987,0.000000
12/11/2021,00:00:00,0.415519,0.445564,0.052854
13/11/2021,00:00:00,0.414503,0.130028,0.252284
14/11/2021,00:00:00,0.407781,0.065253,0.004860
15/11/2021,00:00:00,0.407697,0.000000,0.007917
16/11/2021,00:00:00,0.407483,0.000000,0.002498
17/11/2021,00:00:00,0.407497,0.111880,0.000000
18/11/2021,00:00:00,0.408809,1.621122,0.000000
19/11/2021,00:00:00,0.410160,0.167580,0.000000
20/11/2021,00:00:00,0.410287,0.000000,0.016203
21/11/2021,00:00:00,0.409847,0.000000,0.123799
22/11/2021,00:00:00,0.406495,0.000000,0.000000
23/11/2021,00:00:00,0.406749,0.335774,0.021249
24/11/2021,00:00:00,0.406423,0.000000,0.000000
25/11/2021,00:00:00,0.406423,0.000000,0.026586
26/11/2021,00:00:00,0.406659,1.324506,0.827884
27/11/2021,00:00:00,0.386716,2.393087,0.111781
28/11/2021,00:00:00,0.387847,3.493562,0.038750
29/11/2021,00:00:00,0.389688,0.432779,0.013749
30/11/2021,00:00:00,0.389629,0.000000,0.447991
01/12/2021,00:00:00,0.377759,0.000000,0.210504
02/12/2021,00:00:00,0.372227,0.000000,0.194840
03/12/2021,00:00:00,0.367132,0.000000,0.040000
04/12/2021,00:00:00,0.366090,0.000000,0.129166
05/12/2021,00:00:00,0.362729,0.000000,0.048749
06/12/2021,00:00:00,0.361464,0.000000,0.261135
07/12/2021,00:00:00,0.354713,0.000000,0.078678
08/12/2021,00:00:00,0.352687,0.000000,0.001853
09/12/2021,00:00:00,0.352640,0.000000,0.001669
10/12/2021,00:00:00,0.352597,0.000000,0.231251
11/12/2021,00:00:00,0.346669,0.000000,0.059461
12/12/2021,00:00:00,0.345150,0.000000,0.122622
13/12/2021,00:00:00,0.342026,0.000000,0.000000
14/12/2021,00:00:00,0.342026,0.000000,0.000000
15/12/2021,00:00:00,0.342026,0.000000,0.000000
16/12/2021,00:00:00,0.342026,0.000000,0.000000
17/12/2021,00:00:00,0.342026,0.000000,0.000000
18/12/2021,00:00:00,0.342026,0.000000,0.000000
19/12/2021,00:00:00,0.342026,0.000000,0.002498
20/12/2021,00:00:00,0.341976,0.019200,0.000000
21/12/2021,00:00:00,0.342027,0.047999,0.000000
22/12/2021,00:00:00,0.342064,0.000000,0.000000
23/12/2021,00:00:00,0.342064,0.000000,0.057687
24/12/2021,00:00:00,0.340597,0.000000,0.013565
25/12/2021,00:00:00,0.340253,0.000000,0.355000
26/12/2021,00:00:00,0.331282,0.000000,0.014166
27/12/2021,00:00:00,0.330926,0.000000,0.063747
28/12/2021,00:00:00,0.329354,0.048214,0.408967
29/12/2021,00:00:00,0.319176,0.000000,0.099783
30/12/2021,00:00:00,0.316703,0.000000,0.040417
31/12/2021,00:00:00,0.315764,0.087166,0.000000
01/01/2022,00:00:00,0.315896,0.087163,0.000000
02/01/2022,00:00:00,0.316255,0.387348,0.185003
03/01/2022,00:00:00,0.311944,0.019393,0.007913
04/01/2022,00:00:00,0.311763,0.000000,0.189587
05/01/2022,00:00:00,0.307173,0.106812,0.191982
06/01/2022,00:00:00,0.302582,0.029169,0.001351
07/01/2022,00:00:00,0.302628,0.077783,0.255416
08/01/2022,00:00:00,0.296479,0.000000,0.690485
09/01/2022,00:00:00,0.279968,0.029341,0.064512
10/01/2022,00:00:00,0.278459,0.000000,0.000000
11/01/2022,00:00:00,0.278459,0.000000,0.000000
12/01/2022,00:00:00,0.278459,0.000000,0.055000
13/01/2022,00:00:00,0.277160,0.000000,0.000000
14/01/2022,00:00:00,0.277160,0.000000,0.000000
15/01/2022,00:00:00,0.277160,0.000000,0.000000
16/01/2022,00:00:00,0.277160,0.000000,0.017504
17/01/2022,00:00:00,0.276747,0.000000,0.000000
18/01/2022,00:00:00,0.276747,0.000000,0.000000
19/01/2022,00:00:00,0.276747,0.000000,0.054166
20/01/2022,00:00:00,0.275533,0.097908,0.079582
21/01/2022,00:00:00,0.273723,0.000000,0.013332
22/01/2022,00:00:00,0.273409,0.000000,0.000000
23/01/2022,00:00:00,0.273409,0.000000,0.000000
24/01/2022,00:00:00,0.273409,0.000000,0.000000
25/01/2022,00:00:00,0.273409,0.000000,0.000000
26/01/2022,00:00:00,0.273409,0.000000,0.000000
27/01/2022,00:00:00,0.273409,0.000000,0.060836
28/01/2022,00:00:00,0.272023,0.058792,0.000000
29/01/2022,00:00:00,0.272201,0.176370,0.000000
30/01/2022,00:00:00,0.272490,0.205751,0.000000
31/01/2022,00:00:00,0.272964,0.421255,0.163332
01/02/2022,00:00:00,0.269557,0.254908,0.039165
02/02/2022,00:00:00,0.268903,0.137278,0.028754
03/02/2022,00:00:00,0.268330,0.000000,0.005414
04/02/2022,00:00:00,0.268285,0.117683,0.125835
05/02/2022,00:00:00,0.265748,0.461179,0.005831
06/02/2022,00:00:00,0.266058,0.137363,1.279900
07/02/2022,00:00:00,0.237119,0.325600,0.078787
08/02/2022,00:00:00,0.235684,0.148036,0.022560
09/02/2022,00:00:00,0.235403,0.167782,0.004167
10/02/2022,00:00:00,0.235427,0.000000,0.065416
11/02/2022,00:00:00,0.234198,0.325761,0.008335
12/02/2022,00:00:00,0.234507,0.345486,0.000000
13/02/2022,00:00:00,0.235284,0.681013,0.000000
14/02/2022,00:00:00,0.236261,0.611824,0.027915
15/02/2022,00:00:00,0.236258,0.286176,0.223542
16/02/2022,00:00:00,0.231563,0.128386,0.218173
17/02/2022,00:00:00,0.227570,1.195735,0.035788
18/02/2022,00:00:00,0.228433,1.057246,0.104999
19/02/2022,00:00:00,0.227405,0.780710,0.325834
20/02/2022,00:00:00,0.220853,0.059354,1.023749
21/02/2022,00:00:00,0.199268,0.575411,0.314166
22/02/2022,00:00:00,0.193035,0.000000,0.120834
23/02/2022,00:00:00,0.190980,0.724915,0.000000
24/02/2022,00:00:00,0.191964,0.575897,0.194167
25/02/2022,00:00:00,0.188493,0.238393,0.009169
26/02/2022,00:00:00,0.188593,0.168860,0.000000
27/02/2022,00:00:00,0.189187,0.615802,0.000000
28/02/2022,00:00:00,0.189968,0.417121,0.000000
01/03/2022,00:00:00,0.190313,0.039724,0.004997
02/03/2022,00:00:00,0.190620,0.516398,0.000000
03/03/2022,00:00:00,0.191506,0.655365,0.000000
04/03/2022,00:00:00,0.192460,0.605651,0.000000
05/03/2022,00:00:00,0.193128,0.277983,0.000000
06/03/2022,00:00:00,0.193586,0.327606,0.000000
07/03/2022,00:00:00,0.194374,0.714713,0.000000
08/03/2022,00:00:00,0.195613,0.923039,0.000000
09/03/2022,00:00:00,0.197107,1.051883,0.000000
10/03/2022,00:00:00,0.199727,2.410641,0.000000
11/03/2022,00:00:00,0.203477,2.548350,0.002777
12/03/2022,00:00:00,0.206682,1.823755,0.001391
13/03/2022,00:00:00,0.209698,2.229254,0.020420
14/03/2022,00:00:00,0.211547,1.000438,0.000000
15/03/2022,00:00:00,0.212692,0.514997,0.000000
16/03/2022,00:00:00,0.213786,0.930815,0.000000
17/03/2022,00:00:00,0.215187,0.920733,0.004997
18/03/2022,00:00:00,0.217534,2.365399,0.000000
19/03/2022,00:00:00,0.221351,2.680611,0.000000
20/03/2022,00:00:00,0.224431,1.394061,0.005836
21/03/2022,00:00:00,0.227260,2.579367,0.000000
22/03/2022,00:00:00,0.231504,3.031912,0.000000
23/03/2022,00:00:00,0.236036,2.960552,0.000000
24/03/2022,00:00:00,0.240572,3.037120,0.000000
25/03/2022,00:00:00,0.244970,2.778546,0.000000
26/03/2022,00:00:00,0.249283,2.923995,0.000000
27/03/2022,00:00:00,0.252326,1.102007,0.000000
28/03/2022,00:00:00,0.255221,2.723952,0.000000
29/03/2022,00:00:00,0.258291,1.336566,0.000000
30/03/2022,00:00:00,0.260490,1.571720,0.000000
31/03/2022,00:00:00,0.262072,0.520460,0.147194
01/04/2022,00:00:00,0.259265,0.343899,0.137389
02/04/2022,00:00:00,0.257220,1.238558,0.000000
03/04/2022,00:00:00,0.259591,1.896239,0.000000
04/04/2022,00:00:00,0.261202,0.235723,0.470832
05/04/2022,00:00:00,0.250686,0.236219,0.115002
06/04/2022,00:00:00,0.248539,0.521863,0.072916
07/04/2022,00:00:00,0.248466,1.861010,0.467882
08/04/2022,00:00:00,0.239601,0.828444,0.000869
09/04/2022,00:00:00,0.242196,2.641928,0.037496
10/04/2022,00:00:00,0.245226,2.719301,0.000000
11/04/2022,00:00:00,0.249770,3.287960,0.000000
12/04/2022,00:00:00,0.254957,3.569844,0.000000
13/04/2022,00:00:00,0.258033,0.501238,0.075420
14/04/2022,00:00:00,0.258476,2.574758,0.000000
15/04/2022,00:00:00,0.262035,2.130959,0.000000
16/04/2022,00:00:00,0.266275,3.473171,0.000000
17/04/2022,00:00:00,0.272148,4.291721,0.000000
18/04/2022,00:00:00,0.278516,4.128835,0.000000
19/04/2022,00:00:00,0.284283,3.497755,0.000000
20/04/2022,00:00:00,0.289467,3.356569,0.000000
21/04/2022,00:00:00,0.294947,3.887630,0.000000
22/04/2022,00:00:00,0.299363,1.956077,0.000000
23/04/2022,00:00:00,0.303263,3.198245,0.000000
24/04/2022,00:00:00,0.308362,3.542984,0.000000
25/04/2022,00:00:00,0.312337,1.716070,0.002916
26/04/2022,00:00:00,0.315845,3.060440,0.004585
27/04/2022,00:00:00,0.320832,3.751874,0.000000
28/04/2022,00:00:00,0.326458,3.687102,0.000000
29/04/2022,00:00:00,0.330548,1.725353,0.000000
30/04/2022,00:00:00,0.332865,1.338736,0.000000
01/05/2022,00:00:00,0.335735,2.453503,0.000000
02/05/2022,00:00:00,0.340869,4.331388,0.000000
03/05/2022,00:00:00,0.346419,3.009469,0.000000
04/05/2022,00:00:00,0.351677,3.940815,0.002772
05/05/2022,00:00:00,0.356171,2.138791,0.000144
06/05/2022,00:00:00,0.360727,3.888499,0.000000
07/05/2022,00:00:00,0.365658,2.634578,0.000000
08/05/2022,00:00:00,0.370976,4.393630,0.000000
09/05/2022,00:00:00,0.378078,4.994670,0.000000
10/05/2022,00:00:00,0.384506,3.508539,0.000000
11/05/2022,00:00:00,0.390917,4.964602,0.000000
12/05/2022,00:00:00,0.397022,3.112240,0.000000
13/05/2022,00:00:00,0.401957,3.412965,0.000000
14/05/2022,00:00:00,0.408228,4.874220,0.000000
15/05/2022,00:00:00,0.416014,5.419557,0.000000
16/05/2022,00:00:00,0.422443,3.088212,0.004167
17/05/2022,00:00:00,0.427760,4.138582,0.001664
18/05/2022,00:00:00,0.434538,4.901873,0.000000
19/05/2022,00:00:00,0.440074,2.424156,0.694166
20/05/2022,00:00:00,0.423542,1.358314,0.422503
21/05/2022,00:00:00,0.415705,3.777633,0.000000
22/05/2022,00:00:00,0.422495,5.196189,0.000000
23/05/2022,00:00:00,0.427581,1.539454,0.449166
24/05/2022,00:00:00,0.418115,2.539726,0.195002
25/05/2022,00:00:00,0.416754,3.061144,0.006249
26/05/2022,00:00:00,0.421198,3.108938,0.000000
27/05/2022,00:00:00,0.426495,3.892634,0.058333
28/05/2022,00:00:00,0.430605,3.901480,0.000000
29/05/2022,00:00:00,0.434822,1.679555,0.089586
30/05/2022,00:00:00,0.435472,2.605477,0.000000
31/05/2022,00:00:00,0.440246,3.704440,0.047917
01/06/2022,00:00:00,0.443481,2.437125,0.019580
02/06/2022,00:00:00,0.448500,4.994738,0.000000
03/06/2022,00:00:00,0.455563,4.346199,0.000000
04/06/2022,00:00:00,0.462368,4.649978,0.000000
05/06/2022,00:00:00,0.466271,0.521205,0.910416
06/06/2022,00:00:00,0.442490,2.128138,0.003333
07/06/2022,00:00:00,0.445702,2.278659,0.227501
08/06/2022,00:00:00,0.441504,0.621479,0.739167
09/06/2022,00:00:00,0.423278,2.698565,0.000000
10/06/2022,00:00:00,0.427942,3.465339,0.000000
11/06/2022,00:00:00,0.434364,5.021748,0.000000
12/06/2022,00:00:00,0.441914,4.961416,0.000000
13/06/2022,00:00:00,0.448884,4.256722,0.000000
14/06/2022,00:00:00,0.456145,5.340070,0.000000
15/06/2022,00:00:00,0.464240,5.363724,0.000000
16/06/2022,00:00:00,0.472363,5.376603,0.000000
17/06/2022,00:00:00,0.481083,6.149564,0.000000
18/06/2022,00:00:00,0.489970,5.603113,0.000000
19/06/2022,00:00:00,0.495366,1.546064,0.090833
20/06/2022,00:00:00,0.497032,4.342231,0.000000
21/06/2022,00:00:00,0.501744,1.895907,0.001669
22/06/2022,00:00:00,0.507151,5.321748,0.000000
23/06/2022,00:00:00,0.515283,5.429475,0.143617
24/06/2022,00:00:00,0.516752,2.206528,0.456383
25/06/2022,00:00:00,0.506835,2.618118,0.084584
26/06/2022,00:00:00,0.508052,2.458890,0.000000
27/06/2022,00:00:00,0.510873,1.274002,0.524580
28/06/2022,00:00:00,0.500296,5.213718,0.000000
29/06/2022,00:00:00,0.508319,5.394400,0.000000
30/06/2022,00:00:00,0.513854,1.936081,0.443334
01/07/2022,00:00:00,0.504690,3.389957,0.002498
02/07/2022,00:00:00,0.510608,4.551121,0.000000
03/07/2022,00:00:00,0.517157,4.110267,0.000000
04/07/2022,00:00:00,0.523862,4.752147,0.000000
05/07/2022,00:00:00,0.530239,3.684513,0.000000
06/07/2022,00:00:00,0.535579,3.377045,0.000000
07/07/2022,00:00:00,0.539366,1.635600,0.016669
08/07/2022,00:00:00,0.543572,4.667050,0.000000
09/07/2022,00:00:00,0.549728,3.477269,0.000000
10/07/2022,00:00:00,0.554752,3.167849,0.000000
11/07/2022,00:00:00,0.559850,3.570220,0.000000
12/07/2022,00:00:00,0.565636,4.078793,0.005235
13/07/2022,00:00:00,0.571532,3.968968,0.002265
14/07/2022,00:00:00,0.577340,3.819794,0.000000
15/07/2022,00:00:00,0.583121,3.824244,0.000000
16/07/2022,00:00:00,0.589342,4.398097,0.000000
17/07/2022,00:00:00,0.596102,4.539980,0.000000
18/07/2022,00:00:00,0.603014,4.598544,0.000000
19/07/2022,00:00:00,0.610602,5.429666,0.000000
20/07/2022,00:00:00,0.616532,2.427123,0.000000
21/07/2022,00:00:00,0.618392,0.038176,0.435000
22/07/2022,00:00:00,0.606783,2.671490,0.007917
23/07/2022,00:00:00,0.611910,4.478865,0.000000
24/07/2022,00:00:00,0.619182,5.132460,0.000000
25/07/2022,00:00:00,0.625414,3.119719,0.000000
26/07/2022,00:00:00,0.628678,1.202442,0.236248
27/07/2022,00:00:00,0.624435,3.116892,0.000000
28/07/2022,00:00:00,0.629178,3.153937,0.000000
29/07/2022,00:00:00,0.634556,3.953279,0.000000
30/07/2022,00:00:00,0.639904,3.121661,0.000000
31/07/2022,00:00:00,0.643891,2.155168,0.040417
01/08/2022,00:00:00,0.646295,2.832596,0.000000
02/08/2022,00:00:00,0.651507,4.051431,0.000000
03/08/2022,00:00:00,0.657770,4.228124,0.000000
04/08/2022,00:00:00,0.662825,2.466631,0.037501
05/08/2022,00:00:00,0.665684,2.968129,0.000000
06/08/2022,00:00:00,0.669916,2.629579,0.000000
07/08/2022,00:00:00,0.674781,3.796330,0.000000
08/08/2022,00:00:00,0.680107,3.248926,0.000000
09/08/2022,00:00:00,0.685274,3.580915,0.000000
10/08/2022,00:00:00,0.690772,3.687183,0.000000
11/08/2022,00:00:00,0.696386,3.735345,0.000000
12/08/2022,00:00:00,0.702109,3.831853,0.000000
13/08/2022,00:00:00,0.707809,3.704611,0.000000
14/08/2022,00:00:00,0.712820,2.927569,0.000000
15/08/2022,00:00:00,0.715938,1.202771,0.029167
16/08/2022,00:00:00,0.717829,2.602420,0.000000
17/08/2022,00:00:00,0.720013,0.294564,0.439997
18/08/2022,00:00:00,0.707491,2.454333,0.000000
19/08/2022,00:00:00,0.710211,1.148773,0.382920
20/08/2022,00:00:00,0.699868,1.932166,0.000000
21/08/2022,00:00:00,0.703181,2.446159,0.000000
22/08/2022,00:00:00,0.706802,2.341815,0.000000
23/08/2022,00:00:00,0.710873,3.037274,0.000000
24/08/2022,00:00:00,0.715111,2.568960,0.000000
25/08/2022,00:00:00,0.719050,2.638588,0.000000
26/08/2022,00:00:00,0.721657,0.817664,0.000000
27/08/2022,00:00:00,0.723109,1.100761,0.000000
28/08/2022,00:00:00,0.725833,2.495157,0.000000
29/08/2022,00:00:00,0.729460,2.300567,0.000000
30/08/2022,00:00:00,0.732749,2.050232,0.000000
31/08/2022,00:00:00,0.735865,2.069289,0.000000
01/09/2022,00:00:00,0.739356,2.544239,0.000000
02/09/2022,00:00:00,0.743108,2.417588,0.000000
03/09/2022,00:00:00,0.746304,1.811445,0.001664
04/09/2022,00:00:00,0.749503,2.495361,0.000000
05/09/2022,00:00:00,0.753170,2.354042,0.297109
06/09/2022,00:00:00,0.746489,2.154833,0.190829
07/09/2022,00:00:00,0.743241,2.086083,0.004565
08/09/2022,00:00:00,0.745567,1.206266,0.729581
09/09/2022,00:00:00,0.722390,0.398735,0.169168
10/09/2022,00:00:00,0.717470,0.536074,0.481665
11/09/2022,00:00:00,0.703331,1.799753,0.000000
12/09/2022,00:00:00,0.706477,2.356526,0.000000
13/09/2022,00:00:00,0.709262,1.331439,0.044132
14/09/2022,00:00:00,0.708879,0.103001,1.272952
15/09/2022,00:00:00,0.667876,0.582734,0.001669
16/09/2022,00:00:00,0.668974,0.945836,0.326619
17/09/2022,00:00:00,0.659667,0.755706,0.309885
18/09/2022,00:00:00,0.650296,0.043500,0.533914
19/09/2022,00:00:00,0.634404,1.541479,0.013327
20/09/2022,00:00:00,0.635798,0.884145,0.010421
21/09/2022,00:00:00,0.637243,1.489878,0.000000
22/09/2022,00:00:00,0.640006,2.161909,0.000000
23/09/2022,00:00:00,0.642344,0.933408,0.052502
24/09/2022,00:00:00,0.641408,0.051529,0.530417
25/09/2022,00:00:00,0.625631,1.381872,0.000000
26/09/2022,00:00:00,0.626732,0.075382,0.534251
27/09/2022,00:00:00,0.610089,0.108207,0.893250
28/09/2022,00:00:00,0.583167,1.026146,0.053331
29/09/2022,00:00:00,0.583630,1.818736,0.000000
30/09/2022,00:00:00,0.586219,1.605081,0.150323
01/10/2022,00:00:00,0.583968,1.609684,0.262593
02/10/2022,00:00:00,0.577551,0.678174,0.188336
03/10/2022,00:00:00,0.573470,1.606586,0.000000
04/10/2022,00:00:00,0.575958,1.682599,0.000000
05/10/2022,00:00:00,0.578187,1.266541,0.051250
06/10/2022,00:00:00,0.578864,1.773279,0.000000
07/10/2022,00:00:00,0.581450,1.647019,0.000000
08/10/2022,00:00:00,0.583555,1.137818,0.119165
09/10/2022,00:00:00,0.581948,1.621896,0.000000
10/10/2022,00:00:00,0.583912,0.977116,0.000000
11/10/2022,00:00:00,0.585740,1.438273,0.000000
12/10/2022,00:00:00,0.587731,1.195475,0.000000
13/10/2022,00:00:00,0.588712,0.103475,0.005831
14/10/2022,00:00:00,0.588721,0.151231,0.048334
15/10/2022,00:00:00,0.587637,0.414481,0.033751
16/10/2022,00:00:00,0.587709,1.091898,0.008335
17/10/2022,00:00:00,0.588318,0.063710,0.535831
18/10/2022,00:00:00,0.572764,1.136943,0.000000
19/10/2022,00:00:00,0.574389,1.013122,0.000000
20/10/2022,00:00:00,0.575498,0.453263,0.159999
21/10/2022,00:00:00,0.571649,0.967704,0.090420
22/10/2022,00:00:00,0.570169,0.757618,0.000000
23/10/2022,00:00:00,0.571068,0.431295,0.134582
24/10/2022,00:00:00,0.568062,1.078032,0.070001
25/10/2022,00:00:00,0.567226,0.662174,0.000000
26/10/2022,00:00:00,0.568542,1.077419,0.000000
27/10/2022,00:00:00,0.569899,0.717118,0.000000
28/10/2022,00:00:00,0.571112,0.886957,0.000000
29/10/2022,00:00:00,0.572471,0.909876,0.000000
30/10/2022,00:00:00,0.573723,0.746263,0.000000
31/10/2022,00:00:00,0.574673,0.510436,0.007500
01/11/2022,00:00:00,0.575755,1.270354,0.012914
02/11/2022,00:00:00,0.576921,0.832219,0.000000
03/11/2022,00:00:00,0.577739,0.250220,0.357916
04/11/2022,00:00:00,0.567144,0.220745,0.007083
05/11/2022,00:00:00,0.567395,0.408668,0.000000
06/11/2022,00:00:00,0.567877,0.228723,0.184168
07/11/2022,00:00:00,0.562658,0.295874,0.012914
08/11/2022,00:00:00,0.562901,0.558716,0.005156
09/11/2022,00:00:00,0.563497,0.443378,0.058596
10/11/2022,00:00:00,0.562519,0.632944,0.000000
11/11/2022,00:00:00,0.563326,0.435256,0.000000
12/11/2022,00:00:00,0.564133,0.631760,0.000000
13/11/2022,00:00:00,0.565138,0.696581,0.000000
14/11/2022,00:00:00,0.566049,0.507552,0.000000
15/11/2022,00:00:00,0.566698,0.351743,0.218858
16/11/2022,00:00:00,0.560485,0.263653,0.376458
17/11/2022,00:00:00,0.549487,0.258534,0.226766
18/11/2022,00:00:00,0.542933,0.117594,0.121589
19/11/2022,00:00:00,0.539379,0.000000,0.098829
20/11/2022,00:00:00,0.536496,0.093014,0.154242
21/11/2022,00:00:00,0.532067,0.144393,0.204091
22/11/2022,00:00:00,0.526131,0.034174,0.033334
23/11/2022,00:00:00,0.525329,0.222307,0.142083
24/11/2022,00:00:00,0.521580,0.420472,0.101695
25/11/2022,00:00:00,0.519120,0.318235,0.100389
26/11/2022,00:00:00,0.516609,0.293123,0.000000
27/11/2022,00:00:00,0.516831,0.000000,0.238965
28/11/2022,00:00:00,0.509816,0.008675,0.092700
29/11/2022,00:00:00,0.507216,0.147817,0.001252
30/11/2022,00:00:00,0.507290,0.000000,0.021666
01/12/2022,00:00:00,0.506747,0.121782,0.000000
02/12/2022,00:00:00,0.506839,0.000000,0.000000
03/12/2022,00:00:00,0.506852,0.017396,0.000000
04/12/2022,00:00:00,0.506865,0.000000,0.000000
05/12/2022,00:00:00,0.506865,0.000000,0.086665
06/12/2022,00:00:00,0.504440,0.165612,0.000000
07/12/2022,00:00:00,0.504611,0.061006,0.078335
08/12/2022,00:00:00,0.502416,0.069854,0.089581
09/12/2022,00:00:00,0.499865,0.017502,0.000000
10/12/2022,00:00:00,0.499878,0.000000,0.002379
11/12/2022,00:00:00,0.499822,0.017503,0.000124
12/12/2022,00:00:00,0.499957,0.166256,0.000000
13/12/2022,00:00:00,0.500129,0.061243,0.000000
14/12/2022,00:00:00,0.500281,0.139966,0.000000
15/12/2022,00:00:00,0.500467,0.104958,0.000000
16/12/2022,00:00:00,0.500658,0.148666,0.000000
17/12/2022,00:00:00,0.500771,0.000000,0.000000
18/12/2022,00:00:00,0.500797,0.034976,0.181243
19/12/2022,00:00:00,0.495682,0.184423,0.308340
20/12/2022,00:00:00,0.486901,0.044228,0.791664
21/12/2022,00:00:00,0.464304,0.017998,0.133529
22/12/2022,00:00:00,0.460606,0.099250,0.362774
23/12/2022,00:00:00,0.450455,0.000000,0.621200
24/12/2022,00:00:00,0.433273,0.183733,0.004937
25/12/2022,00:00:00,0.433276,0.009187,0.360380
26/12/2022,00:00:00,0.423392,0.064687,0.013014
27/12/2022,00:00:00,0.423197,0.157115,0.001252
28/12/2022,00:00:00,0.423327,0.064690,0.246962
29/12/2022,00:00:00,0.416740,0.204077,0.041788
30/12/2022,00:00:00,0.415755,0.018563,0.266771
31/12/2022,00:00:00,0.409174,0.978054,0.445311
01/01/2023,00:00:00,0.398284,0.730720,0.181253
02/01/2023,00:00:00,0.393971,0.065720,0.145415
03/01/2023,00:00:00,0.390230,0.150492,0.089010
04/01/2023,00:00:00,0.387971,0.000000,0.180155
05/01/2023,00:00:00,0.383337,0.217044,0.068337
06/01/2023,00:00:00,0.381769,0.122767,0.099997
07/01/2023,00:00:00,0.379516,0.434855,0.035003
08/01/2023,00:00:00,0.379152,0.340378,0.162914
09/01/2023,00:00:00,0.375238,0.179961,0.323335
10/01/2023,00:00:00,0.366952,0.104565,0.167082
11/01/2023,00:00:00,0.362938,0.399921,0.188688
12/01/2023,00:00:00,0.358313,0.000000,1.538396
13/01/2023,00:00:00,0.319412,0.164460,0.064164
14/01/2023,00:00:00,0.317966,0.048393,0.545834
15/01/2023,00:00:00,0.304747,0.310943,0.018333
16/01/2023,00:00:00,0.304604,0.106891,0.577917
17/01/2023,00:00:00,0.290847,0.331635,0.057086
18/01/2023,00:00:00,0.289962,0.331711,0.014166
19/01/2023,00:00:00,0.289921,0.068294,0.237500
20/01/2023,00:00:00,0.284301,0.019540,0.660415
21/01/2023,00:00:00,0.268772,0.058835,0.000000
22/01/2023,00:00:00,0.268817,0.000000,0.000000
23/01/2023,00:00:00,0.268883,0.088250,0.000000
24/01/2023,00:00:00,0.269024,0.098053,0.000000
25/01/2023,00:00:00,0.269098,0.000000,0.008966
26/01/2023,00:00:00,0.269005,0.166691,0.077287
27/01/2023,00:00:00,0.267389,0.137324,0.000000
28/01/2023,00:00:00,0.267708,0.284436,0.000000
29/01/2023,00:00:00,0.268086,0.215761,0.000000
30/01/2023,00:00:00,0.268628,0.500114,0.002916
31/01/2023,00:00:00,0.269030,0.137274,0.007500
01/02/2023,00:00:00,0.269282,0.451018,0.004585
02/02/2023,00:00:00,0.269700,0.264703,0.000000
03/02/2023,00:00:00,0.270122,0.294087,0.057826
04/02/2023,00:00:00,0.269066,0.117662,0.100921
05/02/2023,00:00:00,0.267098,0.490473,0.039165
06/02/2023,00:00:00,0.266920,0.549351,0.000000
07/02/2023,00:00:00,0.267877,0.715968,0.000000
08/02/2023,00:00:00,0.269160,0.980501,0.000000
09/02/2023,00:00:00,0.270361,0.607748,0.000000
10/02/2023,00:00:00,0.271161,0.450829,0.000000
11/02/2023,00:00:00,0.271635,0.176392,0.000000
12/02/2023,00:00:00,0.271947,0.235173,0.000000
13/02/2023,00:00:00,0.272903,1.028659,0.000000
14/02/2023,00:00:00,0.274481,1.057667,0.000000
15/02/2023,00:00:00,0.275940,0.871301,0.000000
16/02/2023,00:00:00,0.276983,0.508950,0.012085
17/02/2023,00:00:00,0.277412,0.499112,0.005002
18/02/2023,00:00:00,0.277873,0.283778,0.072499
19/02/2023,00:00:00,0.276628,0.391533,0.004585
20/02/2023,00:00:00,0.276999,0.264261,0.000000
21/02/2023,00:00:00,0.277221,0.029361,0.005414
22/02/2023,00:00:00,0.277358,0.332746,0.036627
23/02/2023,00:00:00,0.276976,0.352349,0.062957
24/02/2023,00:00:00,0.275954,0.323065,0.055835
25/02/2023,00:00:00,0.275424,0.842032,0.011668
26/02/2023,00:00:00,0.276558,1.086521,0.000000
27/02/2023,00:00:00,0.278060,0.900221,0.000000
28/02/2023,00:00:00,0.279659,1.212880,0.000000
01/03/2023,00:00:00,0.281478,1.192793,0.000000
02/03/2023,00:00:00,0.283393,1.338820,0.000000
03/03/2023,00:00:00,0.284914,0.674042,0.000000
04/03/2023,00:00:00,0.285712,0.380904,0.000000
05/03/2023,00:00:00,0.286303,0.400378,0.120953
06/03/2023,00:00:00,0.283993,0.469004,0.381400
07/03/2023,00:00:00,0.275347,0.117493,0.765979
08/03/2023,00:00:00,0.257575,0.000000,0.487084
09/03/2023,00:00:00,0.246458,0.000000,0.901818
10/03/2023,00:00:00,0.226388,0.098839,0.406514
11/03/2023,00:00:00,0.218467,1.543735,0.001252
12/03/2023,00:00:00,0.220082,0.652965,0.106812
13/03/2023,00:00:00,0.219268,1.721651,0.142708
14/03/2023,00:00:00,0.217672,0.484946,0.197604
15/03/2023,00:00:00,0.214608,1.356454,0.046209
16/03/2023,00:00:00,0.216025,2.029335,0.010833
17/03/2023,00:00:00,0.218642,1.939515,0.000000
18/03/2023,00:00:00,0.220998,1.177156,0.182917
19/03/2023,00:00:00,0.218677,1.266615,0.000000
20/03/2023,00:00:00,0.220023,0.514461,0.041664
21/03/2023,00:00:00,0.220135,0.929973,0.023752
22/03/2023,00:00:00,0.220676,0.563875,0.042081
23/03/2023,00:00:00,0.221092,1.404654,0.105227
24/03/2023,00:00:00,0.220438,1.108002,0.226860
25/03/2023,00:00:00,0.216653,0.762170,0.285834
26/03/2023,00:00:00,0.211108,0.237742,0.457913
27/03/2023,00:00:00,0.202393,1.428062,0.035832
28/03/2023,00:00:00,0.203561,1.437770,0.019590
29/03/2023,00:00:00,0.205129,1.288780,0.001242
30/03/2023,00:00:00,0.207415,1.793850,0.276605
31/03/2023,00:00:00,0.203033,0.436315,0.839909
01/04/2023,00:00:00,0.185868,0.228522,0.458399
02/04/2023,00:00:00,0.176887,0.546956,0.001758
03/04/2023,00:00:00,0.179047,2.376283,0.000000
04/04/2023,00:00:00,0.182701,2.454938,0.000000
05/04/2023,00:00:00,0.186677,2.801656,0.000000
06/04/2023,00:00:00,0.188943,0.198651,0.476668
07/04/2023,00:00:00,0.179679,0.666113,0.000000
08/04/2023,00:00:00,0.182177,2.633979,0.000000
09/04/2023,00:00:00,0.186273,2.781904,0.000000
10/04/2023,00:00:00,0.189299,1.221657,0.172913
11/04/2023,00:00:00,0.188241,2.483325,0.039836
12/04/2023,00:00:00,0.190025,1.092451,0.428518
13/04/2023,00:00:00,0.183254,2.484610,0.071228
14/04/2023,00:00:00,0.185035,2.215873,0.000000
15/04/2023,00:00:00,0.189191,3.277656,0.000000
16/04/2023,00:00:00,0.191681,0.019859,0.021666
17/04/2023,00:00:00,0.192399,1.578676,0.000000
18/04/2023,00:00:00,0.195185,2.104237,0.000000
19/04/2023,00:00:00,0.199516,3.621014,0.000000
20/04/2023,00:00:00,0.203115,1.140364,0.060836
21/04/2023,00:00:00,0.204604,2.776019,0.045419
22/04/2023,00:00:00,0.206027,0.703791,0.156661
23/04/2023,00:00:00,0.204008,1.249302,0.179787
24/04/2023,00:00:00,0.201797,1.259562,0.388136
25/04/2023,00:00:00,0.195861,2.054448,0.033746
26/04/2023,00:00:00,0.198381,2.420951,0.000000
27/04/2023,00:00:00,0.202448,2.955276,0.001589
28/04/2023,00:00:00,0.205123,0.654304,0.070075
29/04/2023,00:00:00,0.204954,1.368119,0.000000
30/04/2023,00:00:00,0.208907,3.854538,0.000000
01/05/2023,00:00:00,0.213678,2.455806,0.004590
02/05/2023,00:00:00,0.218004,3.483533,0.000000
03/05/2023,00:00:00,0.223616,3.935501,0.000000
04/05/2023,00:00:00,0.230029,4.544016,0.000000
05/05/2023,00:00:00,0.234560,1.451030,0.680834
06/05/2023,00:00:00,0.222065,2.363829,0.022084
07/05/2023,00:00:00,0.223813,0.731704,0.040829
08/05/2023,00:00:00,0.225103,2.303425,0.000000
09/05/2023,00:00:00,0.227082,0.316253,0.664999
10/05/2023,00:00:00,0.213610,1.505185,0.047088
11/05/2023,00:00:00,0.215101,2.128603,0.006735
12/05/2023,00:00:00,0.217874,1.791280,0.269930
13/05/2023,00:00:00,0.216791,5.117330,0.086248
14/05/2023,00:00:00,0.221589,3.936700,0.000000
15/05/2023,00:00:00,0.225348,1.037985,0.076254
16/05/2023,00:00:00,0.226551,2.975003,0.000000
17/05/2023,00:00:00,0.231984,4.206820,0.000000
18/05/2023,00:00:00,0.238023,3.778356,0.000000
19/05/2023,00:00:00,0.244317,4.542777,0.000000
20/05/2023,00:00:00,0.251243,4.615627,0.000000
21/05/2023,00:00:00,0.258101,4.452120,0.000000
22/05/2023,00:00:00,0.263834,3.131419,0.000000
23/05/2023,00:00:00,0.268383,2.883169,0.000000
24/05/2023,00:00:00,0.272489,2.547398,0.000000
25/05/2023,00:00:00,0.277075,3.513642,0.000000
26/05/2023,00:00:00,0.283111,4.466307,0.000000
27/05/2023,00:00:00,0.290371,5.131233,0.000000
28/05/2023,00:00:00,0.298264,5.305403,0.000000
29/05/2023,00:00:00,0.305427,4.167779,0.000000
30/05/2023,00:00:00,0.312224,4.818741,0.000000
31/05/2023,00:00:00,0.320105,5.600104,0.000000
01/06/2023,00:00:00,0.328184,5.083736,0.000000
02/06/2023,00:00:00,0.334865,3.753563,0.000000
03/06/2023,00:00:00,0.341853,5.481904,0.000000
04/06/2023,00:00:00,0.350176,5.522259,0.000000
05/06/2023,00:00:00,0.358313,5.237463,0.000000
06/06/2023,00:00:00,0.366243,5.248846,0.000000
07/06/2023,00:00:00,0.372432,2.939865,0.000000
08/06/2023,00:00:00,0.378486,5.059949,0.000000
09/06/2023,00:00:00,0.386690,5.785005,0.001659
10/06/2023,00:00:00,0.395347,5.741859,0.000000
11/06/2023,00:00:00,0.403228,4.681556,0.001252
12/06/2023,00:00:00,0.410694,5.249334,0.000000
13/06/2023,00:00:00,0.418694,5.327984,0.000000
14/06/2023,00:00:00,0.426595,5.119164,0.000000
15/06/2023,00:00:00,0.433826,4.444843,0.000000
16/06/2023,00:00:00,0.440902,4.909769,0.000000
17/06/2023,00:00:00,0.447684,4.059845,0.000000
18/06/2023,00:00:00,0.451951,1.588452,0.001669
19/06/2023,00:00:00,0.456457,4.443061,0.000000
20/06/2023,00:00:00,0.462589,3.667132,0.766665
21/06/2023,00:00:00,0.447147,5.217752,0.000000
22/06/2023,00:00:00,0.451283,0.263347,0.761668
23/06/2023,00:00:00,0.433289,4.510617,0.000000
24/06/2023,00:00:00,0.441274,6.042070,0.000000
25/06/2023,00:00:00,0.450833,6.594803,0.000000
26/06/2023,00:00:00,0.458826,3.984046,0.000000
27/06/2023,00:00:00,0.464042,2.916255,0.006090
28/06/2023,00:00:00,0.467831,2.387638,0.009745
29/06/2023,00:00:00,0.470731,1.863043,0.040412
30/06/2023,00:00:00,0.474102,4.252775,0.000000
01/07/2023,00:00:00,0.477917,0.801758,0.188341
02/07/2023,00:00:00,0.475481,3.427223,0.000000
03/07/2023,00:00:00,0.480803,3.608757,0.000000
04/07/2023,00:00:00,0.485693,2.859937,0.084877
05/07/2023,00:00:00,0.487263,2.697124,0.417203
06/07/2023,00:00:00,0.479781,3.727273,0.000000
07/07/2023,00:00:00,0.486840,5.599640,0.000000
08/07/2023,00:00:00,0.494735,4.842812,0.000000
09/07/2023,00:00:00,0.500880,3.287531,0.124584
10/07/2023,00:00:00,0.503513,5.120715,0.000000
11/07/2023,00:00:00,0.511048,4.843936,0.240833
12/07/2023,00:00:00,0.510006,3.261232,0.166665
13/07/2023,00:00:00,0.508999,1.979339,0.175416
14/07/2023,00:00:00,0.507670,3.215905,0.000000
15/07/2023,00:00:00,0.512248,2.839138,0.002086
16/07/2023,00:00:00,0.516289,2.604402,0.012080
17/07/2023,00:00:00,0.519856,2.673084,0.014583
18/07/2023,00:00:00,0.524790,4.534027,0.000000
19/07/2023,00:00:00,0.530157,2.570002,0.000000
20/07/2023,00:00:00,0.533755,2.187685,0.003755
21/07/2023,00:00:00,0.537172,2.509653,0.067373
22/07/2023,00:00:00,0.539107,2.926251,0.035127
23/07/2023,00:00:00,0.540577,0.488378,0.471503
24/07/2023,00:00:00,0.527524,1.006775,0.400166
25/07/2023,00:00:00,0.518340,2.780186,0.000000
26/07/2023,00:00:00,0.523127,3.547339,0.022888
27/07/2023,00:00:00,0.525314,0.307811,0.623633
28/07/2023,00:00:00,0.508491,2.119197,0.004729
29/07/2023,00:00:00,0.511547,2.148029,0.189165
30/07/2023,00:00:00,0.509477,2.620635,0.826250
31/07/2023,00:00:00,0.487663,0.415492,0.869999
01/08/2023,00:00:00,0.464717,2.483010,0.064999
02/08/2023,00:00:00,0.466084,2.004218,0.556221
03/08/2023,00:00:00,0.452189,0.780477,0.429610
04/08/2023,00:00:00,0.442692,2.894990,0.003755
05/08/2023,00:00:00,0.445411,0.884287,0.205805
06/08/2023,00:00:00,0.440423,0.192059,0.439604
07/08/2023,00:00:00,0.430787,3.569830,0.024170
08/08/2023,00:00:00,0.434468,2.294978,0.340462
09/08/2023,00:00:00,0.429287,3.895162,0.019540
10/08/2023,00:00:00,0.435289,4.835370,0.000000
11/08/2023,00:00:00,0.442061,4.120416,0.002921
12/08/2023,00:00:00,0.447148,2.750011,0.272493
13/08/2023,00:00:00,0.443885,3.285155,0.000000
14/08/2023,00:00:00,0.450188,5.043651,0.000000
15/08/2023,00:00:00,0.456969,3.925876,0.000000
16/08/2023,00:00:00,0.461578,2.173004,0.000000
17/08/2023,00:00:00,0.464241,1.349923,0.000000
18/08/2023,00:00:00,0.467485,2.935931,0.000000
19/08/2023,00:00:00,0.471268,2.068228,0.000000
20/08/2023,00:00:00,0.476231,4.486752,0.000000
21/08/2023,00:00:00,0.482805,4.206575,0.000000
22/08/2023,00:00:00,0.488121,2.827848,0.000000
23/08/2023,00:00:00,0.493597,4.407529,0.000000
24/08/2023,00:00:00,0.497732,1.069567,0.227501
25/08/2023,00:00:00,0.492466,0.774899,0.154585
26/08/2023,00:00:00,0.490193,2.355513,0.194172
27/08/2023,00:00:00,0.487824,2.006485,0.053326
28/08/2023,00:00:00,0.488617,1.183684,0.007083
29/08/2023,00:00:00,0.490350,1.437824,0.007500
30/08/2023,00:00:00,0.492273,1.435554,0.234584
31/08/2023,00:00:00,0.488181,2.262168,0.023752
01/09/2023,00:00:00,0.490211,1.385055,0.797917
02/09/2023,00:00:00,0.470010,2.536169,0.000000
03/09/2023,00:00:00,0.474389,3.251413,0.000000
04/09/2023,00:00:00,0.479351,3.310278,0.000000
05/09/2023,00:00:00,0.485013,4.172646,0.000000
06/09/2023,00:00:00,0.491215,4.028359,0.000000
07/09/2023,00:00:00,0.497200,3.885525,0.000000
08/09/2023,00:00:00,0.502884,3.630971,0.000000
09/09/2023,00:00:00,0.508053,3.206118,0.000000
10/09/2023,00:00:00,0.512381,2.518564,0.000000
11/09/2023,00:00:00,0.516608,3.069182,0.204166
12/09/2023,00:00:00,0.514423,2.073273,0.161668
13/09/2023,00:00:00,0.512296,1.514708,0.002086
14/09/2023,00:00:00,0.515411,2.701457,0.000000
15/09/2023,00:00:00,0.519594,2.828496,0.000000
16/09/2023,00:00:00,0.523390,2.192965,0.336746
17/09/2023,00:00:00,0.515805,1.061183,0.331581
18/09/2023,00:00:00,0.507953,1.503270,0.254581
19/09/2023,00:00:00,0.502960,1.832815,0.004590
20/09/2023,00:00:00,0.505198,1.341437,0.000000
21/09/2023,00:00:00,0.506329,0.156635,0.512501
22/09/2023,00:00:00,0.492276,1.100882,0.205000
23/09/2023,00:00:00,0.487832,0.963459,0.001659
24/09/2023,00:00:00,0.490350,2.443421,0.000000
25/09/2023,00:00:00,0.493841,2.172527,0.000000
26/09/2023,00:00:00,0.496657,1.553161,0.000000
27/09/2023,00:00:00,0.499097,1.672545,0.000000
28/09/2023,00:00:00,0.501624,1.668920,0.000000
29/09/2023,00:00:00,0.503314,0.567124,0.088334
30/09/2023,00:00:00,0.502447,1.728853,0.000000
01/10/2023,00:00:00,0.505534,2.351178,0.000000
02/10/2023,00:00:00,0.508723,1.866943,0.000000
03/10/2023,00:00:00,0.510782,0.858071,0.044525
04/10/2023,00:00:00,0.510762,0.944762,0.000060
05/10/2023,00:00:00,0.512319,1.116537,0.000000
06/10/2023,00:00:00,0.514183,1.347934,0.000000
07/10/2023,00:00:00,0.516501,1.715806,0.000000
08/10/2023,00:00:00,0.519067,1.677292,0.000000
09/10/2023,00:00:00,0.521022,0.910076,0.000000
10/10/2023,00:00:00,0.523021,1.730997,0.000000
11/10/2023,00:00:00,0.525416,1.436324,0.000000
12/10/2023,00:00:00,0.526604,0.136635,0.201672
13/10/2023,00:00:00,0.521359,0.875453,0.709504
14/10/2023,00:00:00,0.501741,0.890976,0.053823
15/10/2023,00:00:00,0.501053,0.314715,0.222087
16/10/2023,00:00:00,0.495365,0.773032,0.000000
17/10/2023,00:00:00,0.496773,1.087984,0.000000
18/10/2023,00:00:00,0.498291,0.920092,0.452916
19/10/2023,00:00:00,0.486129,0.380601,0.022024
20/10/2023,00:00:00,0.485790,0.017707,0.764231
21/10/2023,00:00:00,0.464590,0.917717,0.093331
22/10/2023,00:00:00,0.462993,0.558466,0.048329
23/10/2023,00:00:00,0.462236,0.288396,0.190417
24/10/2023,00:00:00,0.457354,0.425037,0.095000
25/10/2023,00:00:00,0.455009,0.027174,0.323753
26/10/2023,00:00:00,0.445947,0.000000,0.079890
27/10/2023,00:00:00,0.443925,0.301129,0.672191
28/10/2023,00:00:00,0.426003,0.747379,0.099520
29/10/2023,00:00:00,0.424162,0.517265,0.158399
30/10/2023,00:00:00,0.420244,0.092578,0.313332
31/10/2023,00:00:00,0.411885,0.195326,0.171582
01/11/2023,00:00:00,0.407618,0.382232,0.168840
02/11/2023,00:00:00,0.403872,0.775323,0.197639
03/11/2023,00:00:00,0.399456,0.580479,0.042776
04/11/2023,00:00:00,0.398717,0.018732,0.356247
05/11/2023,00:00:00,0.389208,0.009410,0.244915
06/11/2023,00:00:00,0.382951,0.368097,0.024666
07/11/2023,00:00:00,0.382918,0.490804,0.050416
08/11/2023,00:00:00,0.382186,0.330462,0.488569
09/11/2023,00:00:00,0.369816,0.408251,0.275602
10/11/2023,00:00:00,0.362977,0.104739,0.299195
11/11/2023,00:00:00,0.355551,0.410672,0.065386
12/11/2023,00:00:00,0.354334,0.257988,0.000000
13/11/2023,00:00:00,0.354529,0.000000,0.273337
14/11/2023,00:00:00,0.347551,0.057481,0.771195
15/11/2023,00:00:00,0.328315,0.424427,0.035882
16/11/2023,00:00:00,0.327729,0.028944,0.000000
17/11/2023,00:00:00,0.327897,0.192949,0.021666
18/11/2023,00:00:00,0.327491,0.000000,0.392507
19/11/2023,00:00:00,0.317863,0.271008,0.158330
20/11/2023,00:00:00,0.314204,0.116278,0.023276
21/11/2023,00:00:00,0.313772,0.096911,0.056307
22/11/2023,00:00:00,0.312440,0.000000,0.000000
23/11/2023,00:00:00,0.312668,0.300524,0.042081
24/11/2023,00:00:00,0.311988,0.203623,0.311255
25/11/2023,00:00:00,0.304651,0.310952,0.105828
26/11/2023,00:00:00,0.302269,0.000000,0.042498
27/11/2023,00:00:00,0.301235,0.000000,1.091252
28/11/2023,00:00:00,0.275289,0.332907,0.000000
29/11/2023,00:00:00,0.275592,0.068535,0.247091
30/11/2023,00:00:00,0.269876,0.068624,0.000000
01/12/2023,00:00:00,0.269928,0.000000,0.000000
02/12/2023,00:00:00,0.270054,0.166652,0.000000
03/12/2023,00:00:00,0.270284,0.137236,0.060827
04/12/2023,00:00:00,0.268987,0.039222,0.163982
05/12/2023,00:00:00,0.265193,0.000000,0.042687
06/12/2023,00:00:00,0.264202,0.000000,0.022084
07/12/2023,00:00:00,0.263762,0.098165,0.011603
08/12/2023,00:00:00,0.263567,0.000000,0.082145
09/12/2023,00:00:00,0.261678,0.019642,0.337501
10/12/2023,00:00:00,0.254195,0.442609,0.180413
11/12/2023,00:00:00,0.250389,0.019686,0.009586
12/12/2023,00:00:00,0.250256,0.098433,0.334501
13/12/2023,00:00:00,0.242757,0.019714,0.286748
14/12/2023,00:00:00,0.236414,0.118414,0.000000
15/12/2023,00:00:00,0.236556,0.069073,0.020832
16/12/2023,00:00:00,0.236267,0.177626,0.000000
17/12/2023,00:00:00,0.236611,0.276291,0.002503
18/12/2023,00:00:00,0.236755,0.000000,0.000000
19/12/2023,00:00:00,0.236755,0.000000,0.618329
20/12/2023,00:00:00,0.223121,0.049445,0.015418
21/12/2023,00:00:00,0.222935,0.178006,0.107020
22/12/2023,00:00:00,0.220893,0.286874,0.102152
23/12/2023,00:00:00,0.219094,0.346319,0.000000
24/12/2023,00:00:00,0.219370,0.019789,0.817915
25/12/2023,00:00:00,0.201866,0.000000,0.500421
26/12/2023,00:00:00,0.191526,0.268103,0.171244
27/12/2023,00:00:00,0.188329,0.218531,0.116249
28/12/2023,00:00:00,0.186505,0.576237,0.000000
29/12/2023,00:00:00,0.187016,0.099346,0.342915
30/12/2023,00:00:00,0.180218,0.238595,0.000000
31/12/2023,00:00:00,0.180654,0.337995,0.146796
01/01/2024,00:00:00,0.177938,0.059662,0.283420
02/01/2024,00:00:00,0.172355,0.129334,0.893533
03/01/2024,00:00:00,0.154946,0.039851,0.770420
04/01/2024,00:00:00,0.140500,0.159556,0.389169
05/01/2024,00:00:00,0.133483,0.089786,0.092079
06/01/2024,00:00:00,0.131863,0.000000,0.000000
07/01/2024,00:00:00,0.131871,0.009977,0.000000
08/01/2024,00:00:00,0.131992,0.149655,0.000000
09/01/2024,00:00:00,0.132346,0.319258,0.000000
10/01/2024,00:00:00,0.132844,0.339203,0.000000
11/01/2024,00:00:00,0.133342,0.319241,0.000000
12/01/2024,00:00:00,0.133667,0.109737,0.000000
13/01/2024,00:00:00,0.133749,0.000000,0.011255
14/01/2024,00:00:00,0.133544,0.000000,0.123938
15/01/2024,00:00:00,0.131313,0.039909,0.504384
16/01/2024,00:00:00,0.122390,0.199633,0.012924
17/01/2024,00:00:00,0.122293,0.000000,0.000000
18/01/2024,00:00:00,0.122406,0.149725,0.000000
19/01/2024,00:00:00,0.122648,0.169686,0.009169
20/01/2024,00:00:00,0.122739,0.179667,0.000000
21/01/2024,00:00:00,0.123215,0.449158,0.004162
22/01/2024,00:00:00,0.123664,0.259508,0.495414
23/01/2024,00:00:00,0.115298,0.249617,0.134587
24/01/2024,00:00:00,0.113609,0.748900,0.051667
25/01/2024,00:00:00,0.113339,0.159767,0.041246
26/01/2024,00:00:00,0.113051,0.499278,0.210007
27/01/2024,00:00:00,0.110095,0.489346,0.000000
28/01/2024,00:00:00,0.111002,0.709029,0.000000
29/01/2024,00:00:00,0.112036,0.659072,0.000000
30/01/2024,00:00:00,0.112874,0.449353,0.030826
31/01/2024,00:00:00,0.112949,0.429380,0.013093
01/02/2024,00:00:00,0.113569,0.718945,0.145247
02/02/2024,00:00:00,0.111633,0.129819,0.000000
03/02/2024,00:00:00,0.111776,0.059916,0.132908
04/02/2024,00:00:00,0.109689,0.249670,0.032922
05/02/2024,00:00:00,0.109566,0.399474,0.000000
06/02/2024,00:00:00,0.109958,0.119840,0.233203
07/02/2024,00:00:00,0.106185,0.159808,0.715961
08/02/2024,00:00:00,0.094483,0.000000,0.802020
09/02/2024,00:00:00,0.082036,0.449751,0.224650
10/02/2024,00:00:00,0.079181,0.499752,0.105530
11/02/2024,00:00:00,0.078090,0.269871,0.304053
12/02/2024,00:00:00,0.074004,0.499797,0.019997
13/02/2024,00:00:00,0.074628,0.789672,0.021666
14/02/2024,00:00:00,0.074898,0.000000,0.132501
15/02/2024,00:00:00,0.073339,0.809680,0.224998
16/02/2024,00:00:00,0.070545,0.109961,0.081251
17/02/2024,00:00:00,0.069897,0.669771,0.000000
18/02/2024,00:00:00,0.070433,0.039986,0.240008
19/02/2024,00:00:00,0.067065,0.159952,0.023743
20/02/2024,00:00:00,0.067270,0.659799,0.000000
21/02/2024,00:00:00,0.068033,0.349890,0.299603
22/02/2024,00:00:00,0.064132,0.259931,0.282069
23/02/2024,00:00:00,0.060655,0.609864,0.080834
24/02/2024,00:00:00,0.060189,0.389915,0.071665
25/02/2024,00:00:00,0.059939,0.709847,0.079999
26/02/2024,00:00:00,0.059229,0.000000,0.711670
27/02/2024,00:00:00,0.050393,1.169850,0.000000
28/02/2024,00:00:00,0.051587,0.409944,0.000000
29/02/2024,00:00:00,0.051957,0.079989,0.258744
01/03/2024,00:00:00,0.049033,0.959887,0.090867
02/03/2024,00:00:00,0.049374,1.329840,0.011216
03/03/2024,00:00:00,0.050714,0.779898,0.000000
04/03/2024,00:00:00,0.052416,1.469788,0.000000
05/03/2024,00:00:00,0.053996,0.619902,0.007917
06/03/2024,00:00:00,0.055192,1.249790,0.000000
07/03/2024,00:00:00,0.056946,1.069803,0.000000
08/03/2024,00:00:00,0.058988,1.629665,0.000000
09/03/2024,00:00:00,0.061021,1.059759,0.000000
10/03/2024,00:00:00,0.062768,1.249691,0.000000
11/03/2024,00:00:00,0.063735,0.029992,0.779599
12/03/2024,00:00:00,0.053243,0.269959,0.284543
13/03/2024,00:00:00,0.049869,0.459943,0.027945
14/03/2024,00:00:00,0.051252,1.939739,0.000000
15/03/2024,00:00:00,0.053164,0.589911,0.076254
16/03/2024,00:00:00,0.052977,0.689897,0.054578
17/03/2024,00:00:00,0.053327,0.919860,0.016669
18/03/2024,00:00:00,0.054658,1.339781,0.000000
19/03/2024,00:00:00,0.057237,2.069612,0.000000
20/03/2024,00:00:00,0.060322,2.009559,0.000000
21/03/2024,00:00:00,0.062559,0.949767,0.000000
22/03/2024,00:00:00,0.063549,0.359908,0.470420
23/03/2024,00:00:00,0.057631,0.819843,0.014583
24/03/2024,00:00:00,0.058498,0.799840,0.152498
25/03/2024,00:00:00,0.058329,2.279548,0.000000
26/03/2024,00:00:00,0.061027,1.289707,0.007083
27/03/2024,00:00:00,0.062845,1.389655,0.001659
28/03/2024,00:00:00,0.065121,1.699531,0.136256
29/03/2024,00:00:00,0.065555,1.779499,0.012080
30/03/2024,00:00:00,0.066756,0.249926,0.154585
31/03/2024,00:00:00,0.065239,0.959733,0.162085
01/04/2024,00:00:00,0.064476,1.479603,0.000000
02/04/2024,00:00:00,0.066055,0.609824,0.087907
03/04/2024,00:00:00,0.065741,0.969724,0.099589
04/04/2024,00:00:00,0.065489,1.129683,0.317057
05/04/2024,00:00:00,0.062301,1.159719,0.012944
06/04/2024,00:00:00,0.065526,3.628979,0.000000
07/04/2024,00:00:00,0.070727,3.248850,0.027915
08/04/2024,00:00:00,0.074218,2.309056,0.059625
09/04/2024,00:00:00,0.076119,1.789210,0.254959
10/04/2024,00:00:00,0.075442,3.508493,0.016669
11/04/2024,00:00:00,0.078223,0.759636,0.016669
12/04/2024,00:00:00,0.080499,2.748566,0.000000
13/04/2024,00:00:00,0.085466,3.817616,0.000000
14/04/2024,00:00:00,0.090574,2.937816,0.035415
15/04/2024,00:00:00,0.092806,0.929257,0.345419
16/04/2024,00:00:00,0.088362,0.739489,0.468334
17/04/2024,00:00:00,0.081958,1.049422,0.110000
18/04/2024,00:00:00,0.082220,2.088839,0.044405
19/04/2024,00:00:00,0.084054,1.309222,0.352492
20/04/2024,00:00:00,0.080102,1.559198,0.036428
21/04/2024,00:00:00,0.082086,2.248756,0.072092
22/04/2024,00:00:00,0.083676,1.798946,0.034581
23/04/2024,00:00:00,0.086344,2.808192,0.063300
24/04/2024,00:00:00,0.088418,1.688832,0.087529
25/04/2024,00:00:00,0.088968,1.438986,0.068883
26/04/2024,00:00:00,0.089799,1.648805,0.118206
27/04/2024,00:00:00,0.090237,2.118443,0.158330
28/04/2024,00:00:00,0.090466,2.018505,0.000000
29/04/2024,00:00:00,0.094517,3.337181,0.000000
30/04/2024,00:00:00,0.099776,3.616405,0.056366
01/05/2024,00:00:00,0.104665,4.544780,0.038634
02/05/2024,00:00:00,0.109666,3.335596,0.303835
03/05/2024,00:00:00,0.107506,0.898882,0.214914
04/05/2024,00:00:00,0.105293,1.478272,0.259091
05/05/2024,00:00:00,0.103862,3.156460,0.186324
06/05/2024,00:00:00,0.103953,1.428394,0.139495
07/05/2024,00:00:00,0.104974,3.695718,0.155509
08/05/2024,00:00:00,0.105103,0.839025,0.000000
09/05/2024,00:00:00,0.108618,3.805119,0.000000
10/05/2024,00:00:00,0.114993,4.622961,0.000000
11/05/2024,00:00:00,0.122241,4.960924,0.000000
12/05/2024,00:00:00,0.129660,4.849408,0.009169
13/05/2024,00:00:00,0.135778,3.630890,0.040412
14/05/2024,00:00:00,0.141927,5.753508,0.000000
15/05/2024,00:00:00,0.146620,0.458550,0.223756
16/05/2024,00:00:00,0.143995,2.412776,0.577499
17/05/2024,00:00:00,0.135479,1.167091,0.247081
18/05/2024,00:00:00,0.133781,2.903033,0.052919
19/05/2024,00:00:00,0.136726,2.792844,1.261661
20/05/2024,00:00:00,0.118621,3.613959,0.042498
21/05/2024,00:00:00,0.121785,2.046298,0.313610
22/05/2024,00:00:00,0.118922,2.206283,0.001391
23/05/2024,00:00:00,0.122662,2.804815,0.032087
24/05/2024,00:00:00,0.124483,0.449132,0.363638
25/05/2024,00:00:00,0.119216,1.816916,0.990530
26/05/2024,00:00:00,0.104473,1.867868,0.208328
27/05/2024,00:00:00,0.103184,1.418440,0.273754
28/05/2024,00:00:00,0.100710,1.788172,0.413527
29/05/2024,00:00:00,0.096321,2.267968,0.342717
30/05/2024,00:00:00,0.093584,2.438000,0.027796
31/05/2024,00:00:00,0.096137,1.968250,0.031789
01/06/2024,00:00:00,0.096767,0.000000,0.000000
02/06/2024,00:00:00,0.096767,0.000000,0.000000
